<?xml version="1.0" encoding="UTF-8" standalone="yes"?>
<beans xsi:schemaLocation="http://www.springframework.org/schema/beans http://www.springframework.org/schema/beans/spring-beans.xsd http://www.springframework.org/schema/mvc http://www.springframework.org/schema/mvc/spring-mvc.xsd http://www.springframework.org/schema/context http://www.springframework.org/schema/context/spring-context.xsd http://www.springframework.org/schema/tx http://www.springframework.org/schema/tx/spring-tx.xsd http://www.springframework.org/schema/security http://www.springframework.org/schema/security/spring-security.xsd" xmlns="http://www.springframework.org/schema/beans" xmlns:security="http://www.springframework.org/schema/security" xmlns:xsi="http://www.w3.org/2001/XMLSchema-instance">
    <mvc:annotation-driven content-negotiation-manager="contentNegotiationManager" conversion-service="applicationConversionService" xmlns:mvc="http://www.springframework.org/schema/mvc">
        <mvc:message-converters>
            <bean class="com.wavemaker.runtime.converters.WMCompositeHttpMessageConverter"/>
            <bean class="org.springframework.http.converter.json.MappingJackson2HttpMessageConverter">
                <property name="objectMapper">
                    <bean class="com.wavemaker.runtime.WMObjectMapper"/>
                </property>
            </bean>
        </mvc:message-converters>
        <mvc:argument-resolvers>
            <bean class="org.springframework.data.web.PageableHandlerMethodArgumentResolver">
                <property name="pageParameterName" value="page"/>
                <property name="sizeParameterName" value="size"/>
                <property name="oneIndexedParameters" value="true"/>
                <property name="maxPageSize" value="100"/>
                <property name="fallbackPageable">
                    <bean class="org.springframework.data.domain.PageRequest">
                        <constructor-arg value="0"/>
                        <constructor-arg value="20"/>
                    </bean>
                 </property>

            </bean>
        </mvc:argument-resolvers>
    </mvc:annotation-driven>
    <mvc:interceptors xmlns:mvc="http://www.springframework.org/schema/mvc">
        <bean class="com.wavemaker.runtime.web.interceptor.WMAppRequestInterceptor" id="annotationInterceptor"/>
    </mvc:interceptors>
    <bean class="org.springframework.web.accept.ContentNegotiationManagerFactoryBean" id="contentNegotiationManager">
        <property name="favorPathExtension" value="false"/>
    </bean>
    <bean class="com.wavemaker.runtime.spring.converters.ApplicationConversionServiceFactoryBean" id="applicationConversionService"/>
    <import resource="classpath:springapp.xml"/>
    <import resource="project-prefabs.xml"/>
    <import resource="project-services.xml"/>
    <import resource="project-security.xml"/>
    <import resource="project-user-spring.xml"/>
    <import resource="project-rest-service.xml"/>
    <bean class="com.wavemaker.runtime.SystemPropertyInitiliazingBean" id="systemPropertyInitializer">
        <property name="systemProperties">
            <map>
                <entry key="user.language" value="en"/>
                <entry key="com.mchange.v2.c3p0.management.ManagementCoordinator" value="com.mchange.v2.c3p0.management.NullManagementCoordinator"/>
            </map>
        </property>
    </bean>
    <bean class="com.wavemaker.runtime.web.filter.WMRequestCleanupFilter" id="wmRequestCleanupFilter"/>
    <bean class="com.wavemaker.runtime.web.filter.CacheControlFilter" id="cacheControlFilter"/>
    <bean class="com.wavemaker.runtime.exception.resolver.ApplicationRestServiceExceptionResolver" id="handlerExceptionResolver"/>
</beans>
