<?xml version="1.0" encoding="UTF-8" standalone="yes"?>
<service xmlns="http://www.activegrid.com/namespaces/ServiceDefinitions/1.0" id="markitondemand_lookup" type="RestService" springFile="markitondemand_lookup.spring.xml">
    <operation name="invoke">
        <parameter name="input" typeRef="java.lang.String" isList="false"/>
        <return typeRef="markitondemand_lookup.LookupResultList" isList="false"/>
    </operation>
    <dataobjects>
        <dataobject javaType="markitondemand_lookup.LookupResultEntryItem" name="LookupResultEntryItem" supportsQuickData="false">
            <element name="Name" typeRef="java.lang.String" isList="false" allowNull="false"/>
            <element name="Exchange" typeRef="java.lang.String" isList="false" allowNull="false"/>
            <element name="Symbol" typeRef="java.lang.String" isList="false" allowNull="false"/>
        </dataobject>
        <dataobject javaType="markitondemand_lookup.LookupResultList" name="LookupResultList" supportsQuickData="false">
            <element name="LookupResult" typeRef="markitondemand_lookup.LookupResultEntryItem" isList="true" allowNull="false"/>
        </dataobject>
    </dataobjects>
</service>
