{"username":"root","password":"7b6a43524a353f1b666d7375425c32205754","url":"jdbc:mysql://localhost:3306/Stock_DB?useUnicode=yes&characterEncoding=UTF-8&zeroDateTimeBehavior=convertToNull&createDatabaseIfNotExist=true","driverClass":"com.mysql.jdbc.Driver","dialect":"com.wavemaker.runtime.data.dialect.MySQLDialect","serviceId":"Stock_DB","packageName":"com.stock.stock_db","tableFilter":".*","schemaFilter":".*","revengNamingStrategyClassName":"com.wavemaker.studio.core.data.hibernate.reveng.MySQLRevengNamingStrategy","impersonateUser":false,"activeDirectoryDomain":null,"dbname":null,"overwrite":false,"schemaName":"Stock_DB","metadatadialect":"com.wavemaker.studio.core.data.dialect.WMMySQLMetaDataDialect","hbm2ddl":null}