<?xml version="1.0" encoding="UTF-8" standalone="yes"?>
<service xmlns="http://www.activegrid.com/namespaces/ServiceDefinitions/1.0" id="Stock_DB" type="DataService" springFile="Stock_DB.spring.xml">
    <dataobjects>
        <dataobject javaType="com.stock.stock_db.MyStocks">
            <element name="sid" typeRef="java.lang.Integer" isList="false" allowNull="false"/>
            <element name="name" typeRef="java.lang.String" isList="false" allowNull="true"/>
            <element name="symbol" typeRef="java.lang.String" isList="false" allowNull="true"/>
            <element name="exchange" typeRef="java.lang.String" isList="false" allowNull="true"/>
            <element name="category" typeRef="java.lang.Integer" isList="false" allowNull="true"/>
        </dataobject>
    </dataobjects>
</service>
