{"name":"Stock_DB","description":"Stock_DB","packageName":"com.stock.stock_db","catalogName":"Stock_DB","schemaName":"Stock_DB","dataTables":[{"tableName":"MyStocks","oldName":"MyStocks","entityName":"MyStocks","tableType":"TABLE","dataColumns":[{"fieldName":"sid","columnName":"SID","oldColumnName":"SID","sqlType":"integer","hibernateType":"integer","length":1,"generator":"identity","precision":19,"notNull":true,"isPk":true,"isFk":false,"defaultValue":"","generatorValue":null},{"fieldName":"name","columnName":"name","oldColumnName":"name","sqlType":"string","hibernateType":"string","length":255,"generator":null,"precision":19,"notNull":false,"isPk":false,"isFk":false,"defaultValue":null,"generatorValue":null},{"fieldName":"symbol","columnName":"symbol","oldColumnName":"symbol","sqlType":"string","hibernateType":"string","length":255,"generator":null,"precision":19,"notNull":false,"isPk":false,"isFk":false,"defaultValue":null,"generatorValue":null},{"fieldName":"exchange","columnName":"exchange","oldColumnName":"exchange","sqlType":"string","hibernateType":"string","length":255,"generator":null,"precision":19,"notNull":false,"isPk":false,"isFk":false,"defaultValue":null,"generatorValue":null},{"fieldName":"category","columnName":"category","oldColumnName":"category","sqlType":"integer","hibernateType":"integer","length":1,"generator":null,"precision":19,"notNull":false,"isPk":false,"isFk":false,"defaultValue":"0","generatorValue":null}],"dataRelations":[]}],"draft":false}