{"swagger":"2.0","info":{"description":"Swagger API documentation for Stock_DB","version":"2.0","title":"Stock_DBService Swagger Documentation","x-WM-SERVICE_TYPE":"DataService","x-WM-SERVICE_ID":"Stock_DB"},"basePath":"","tags":[{"name":"ProcedureExecutionController","description":"Controller class for procedure execution","x-WM-FULLY_QUALIFIED_NAME":"com.stock.stock_db.controller.ProcedureExecutionController","x-WM-VERSION":""},{"name":"MyStocksController","description":"Exposes APIs to work with MyStocks resource.","x-WM-FULLY_QUALIFIED_NAME":"com.stock.stock_db.controller.MyStocksController","x-WM-VERSION":""},{"name":"QueryExecutionController","description":"Controller class for query execution","x-WM-FULLY_QUALIFIED_NAME":"com.stock.stock_db.controller.QueryExecutionController","x-WM-VERSION":""}],"schemes":["https","http"],"paths":{"/Stock_DB/MyStocks/":{"get":{"tags":["MyStocksController"],"description":"Returns the list of MyStocks instances.","operationId":"getMyStockss","parameters":[{"name":"page","in":"query","required":false,"type":"integer","default":"0","format":"int32","x-WM-EDITABLE":false,"x-WM-RESOLVER":"org.springframework.data.domain.Pageable"},{"name":"size","in":"query","required":false,"type":"integer","default":"20","format":"int32","x-WM-EDITABLE":false},{"name":"sort","in":"query","required":false,"type":"string","x-WM-EDITABLE":false}],"responses":{"200":{"description":"Success","schema":{"$ref":"#/definitions/Page","x-WM-TYPE_ARGUMENTS":[{"$ref":"#/definitions/MyStocks","x-WM-TYPE_ARGUMENTS":[]}]}}},"x-WM-OPERATION_UID":"4ad37896-5fb2-4f84-86e7-e78799eb9145","x-WM-ACCESS_SPECIFIER":"APP_ONLY","x-WM-METHOD_IDENTIFIER":"getMyStockss-1-934028971"},"post":{"tags":["MyStocksController"],"description":"Creates a new MyStocks instance.","operationId":"createMyStocks","parameters":[{"in":"body","name":"MyStocks","required":true,"schema":{"$ref":"#/definitions/MyStocks","x-WM-TYPE_ARGUMENTS":[]},"x-WM-FULLY_QUALIFIED_TYPE":"com.stock.stock_db.MyStocks","x-WM-UUID":"e6c01337-d13a-4c07-93a7-88731ba8b73c","x-WM-EDITABLE":true}],"responses":{"200":{"description":"Success","schema":{"$ref":"#/definitions/MyStocks","x-WM-TYPE_ARGUMENTS":[]}}},"x-WM-OPERATION_UID":"43f8c1f8-f748-4fc0-9e6e-03c3ab0c81b0","x-WM-ACCESS_SPECIFIER":"APP_ONLY","x-WM-METHOD_IDENTIFIER":"createMyStocks-1--1775825664"},"x-WM-TAG":"MyStocksController","x-WM-BASE_PATH":"/Stock_DB/MyStocks","x-WM-COMPLETE_PATH":"//Stock_DB/MyStocks/","x-WM-RELATIVE_PATH":"/"},"/Stock_DB/MyStocks/count":{"get":{"tags":["MyStocksController"],"description":"Returns the total count of MyStocks instances.","operationId":"countAllMyStockss","responses":{"200":{"description":"Success","schema":{"type":"integer","format":"int64"}}},"x-WM-OPERATION_UID":"d1243b19-4fde-4083-abb8-34ec266e1435","x-WM-ACCESS_SPECIFIER":"APP_ONLY","x-WM-METHOD_IDENTIFIER":"countAllMyStockss-0-17"},"x-WM-TAG":"MyStocksController","x-WM-BASE_PATH":"/Stock_DB/MyStocks","x-WM-COMPLETE_PATH":"//Stock_DB/MyStocks/count","x-WM-RELATIVE_PATH":"/count"},"/Stock_DB/MyStocks/search":{"post":{"tags":["MyStocksController"],"description":"Returns the list of MyStocks instances matching the search criteria.","operationId":"findMyStockss","parameters":[{"name":"page","in":"query","required":false,"type":"integer","default":"0","format":"int32","x-WM-EDITABLE":false,"x-WM-RESOLVER":"org.springframework.data.domain.Pageable"},{"name":"size","in":"query","required":false,"type":"integer","default":"20","format":"int32","x-WM-EDITABLE":false},{"name":"sort","in":"query","required":false,"type":"string","x-WM-EDITABLE":false},{"in":"body","name":"QueryFilter","required":true,"schema":{"type":"array","items":{"$ref":"#/definitions/QueryFilter","x-WM-TYPE_ARGUMENTS":[]},"x-WM-IS_LIST":false},"x-WM-FULLY_QUALIFIED_TYPE":"com.wavemaker.runtime.data.expression.QueryFilter","x-WM-UUID":"fb35f55c-abe5-4d9a-b54f-992c818a89dd","x-WM-EDITABLE":true}],"responses":{"200":{"description":"Success","schema":{"$ref":"#/definitions/Page","x-WM-TYPE_ARGUMENTS":[{"$ref":"#/definitions/MyStocks","x-WM-TYPE_ARGUMENTS":[]}]}}},"x-WM-OPERATION_UID":"3c56f221-6310-4955-aa2d-4aa6d03bf839","x-WM-ACCESS_SPECIFIER":"APP_ONLY","x-WM-METHOD_IDENTIFIER":"findMyStockss-2--1821969279"},"x-WM-TAG":"MyStocksController","x-WM-BASE_PATH":"/Stock_DB/MyStocks","x-WM-COMPLETE_PATH":"//Stock_DB/MyStocks/search","x-WM-RELATIVE_PATH":"/search"},"/Stock_DB/MyStocks/{id:.+}":{"get":{"tags":["MyStocksController"],"description":"Returns the MyStocks instance associated with the given id.","operationId":"getMyStocks","parameters":[{"name":"id","in":"path","required":true,"type":"integer","collectionFormat":"multi","format":"int32","x-WM-FULLY_QUALIFIED_TYPE":"java.lang.Integer","x-WM-UUID":"6a088f11-4dc5-4002-b3dc-8e8a2cb44d2b","x-WM-EDITABLE":true}],"responses":{"200":{"description":"Success","schema":{"$ref":"#/definitions/MyStocks","x-WM-TYPE_ARGUMENTS":[]}}},"x-WM-OPERATION_UID":"e2da9859-fd26-48c8-90d3-3f68d70a4ec0","x-WM-ACCESS_SPECIFIER":"APP_ONLY","x-WM-METHOD_IDENTIFIER":"getMyStocks-1--2056816673"},"put":{"tags":["MyStocksController"],"description":"Updates the MyStocks instance associated with the given id.","operationId":"editMyStocks","parameters":[{"name":"id","in":"path","required":true,"type":"integer","collectionFormat":"multi","format":"int32","x-WM-FULLY_QUALIFIED_TYPE":"java.lang.Integer","x-WM-UUID":"7d9dadbc-78f8-448d-96ce-31e9fdb69e32","x-WM-EDITABLE":true},{"in":"body","name":"MyStocks","required":true,"schema":{"$ref":"#/definitions/MyStocks","x-WM-TYPE_ARGUMENTS":[]},"x-WM-FULLY_QUALIFIED_TYPE":"com.stock.stock_db.MyStocks","x-WM-UUID":"7d619324-8937-4db1-8301-34f7f0fafbb4","x-WM-EDITABLE":true}],"responses":{"200":{"description":"Success","schema":{"$ref":"#/definitions/MyStocks","x-WM-TYPE_ARGUMENTS":[]}}},"x-WM-OPERATION_UID":"d17df40f-4f76-4040-95ed-23a3d9141a85","x-WM-ACCESS_SPECIFIER":"APP_ONLY","x-WM-METHOD_IDENTIFIER":"editMyStocks-2--568631866"},"delete":{"tags":["MyStocksController"],"description":"Deletes the MyStocks instance associated with the given id.","operationId":"deleteMyStocks","parameters":[{"name":"id","in":"path","required":true,"type":"integer","collectionFormat":"multi","format":"int32","x-WM-FULLY_QUALIFIED_TYPE":"java.lang.Integer","x-WM-UUID":"ddb098e5-6e10-4136-8454-b347d8e7c0c0","x-WM-EDITABLE":true}],"responses":{"200":{"description":"Success","schema":{"type":"boolean"}}},"x-WM-OPERATION_UID":"f7b0bcc8-d78c-4ede-8edc-ddc140da2cb2","x-WM-ACCESS_SPECIFIER":"APP_ONLY","x-WM-METHOD_IDENTIFIER":"deleteMyStocks-1--2056816673"},"x-WM-TAG":"MyStocksController","x-WM-BASE_PATH":"/Stock_DB/MyStocks","x-WM-COMPLETE_PATH":"//Stock_DB/MyStocks/{id:.+}","x-WM-RELATIVE_PATH":"/{id:.+}"},"/Stock_DB/procedureExecutor/procedure/execute/wm_custom":{"post":{"tags":["ProcedureExecutionController"],"description":"Process request to execute custom Procedure","operationId":"executeWMCustomProcedure","parameters":[{"in":"body","name":"CustomProcedure","required":true,"schema":{"$ref":"#/definitions/CustomProcedure","x-WM-TYPE_ARGUMENTS":[]},"x-WM-FULLY_QUALIFIED_TYPE":"com.wavemaker.runtime.data.model.CustomProcedure","x-WM-UUID":"8e337870-395d-4467-8244-1c4f9bd8942e","x-WM-EDITABLE":true}],"responses":{"200":{"description":"Success","schema":{"type":"array","uniqueItems":false,"items":{"$ref":"#/definitions/Object","x-WM-TYPE_ARGUMENTS":[]},"x-WM-IS_LIST":true}}},"x-WM-OPERATION_UID":"26669acd-c3eb-438d-94d3-a758ea362b69","x-WM-ACCESS_SPECIFIER":"APP_ONLY","x-WM-METHOD_IDENTIFIER":"executeWMCustomProcedure-1--282256460"},"x-WM-TAG":"ProcedureExecutionController","x-WM-BASE_PATH":"/Stock_DB/procedureExecutor","x-WM-COMPLETE_PATH":"//Stock_DB/procedureExecutor/procedure/execute/wm_custom","x-WM-RELATIVE_PATH":"/procedure/execute/wm_custom"},"/Stock_DB/queryExecutor/queries/wm_custom":{"post":{"tags":["QueryExecutionController"],"description":"Process request to execute customer queries","operationId":"executeWMCustomQuery","parameters":[{"in":"body","name":"CustomQuery","required":true,"schema":{"$ref":"#/definitions/CustomQuery","x-WM-TYPE_ARGUMENTS":[]},"x-WM-FULLY_QUALIFIED_TYPE":"com.wavemaker.runtime.data.model.CustomQuery","x-WM-UUID":"0bf18398-a11e-4039-b9f9-c85c822e1a36","x-WM-EDITABLE":true},{"name":"page","in":"query","required":false,"type":"integer","default":"0","format":"int32","x-WM-EDITABLE":false,"x-WM-RESOLVER":"org.springframework.data.domain.Pageable"},{"name":"size","in":"query","required":false,"type":"integer","default":"20","format":"int32","x-WM-EDITABLE":false},{"name":"sort","in":"query","required":false,"type":"string","x-WM-EDITABLE":false}],"responses":{"200":{"description":"Success","schema":{"$ref":"#/definitions/Page","x-WM-TYPE_ARGUMENTS":[{"$ref":"#/definitions/Object","x-WM-TYPE_ARGUMENTS":[]}]}}},"x-WM-OPERATION_UID":"ceac0e3f-8596-4ddc-a05f-2d92687dd447","x-WM-ACCESS_SPECIFIER":"APP_ONLY","x-WM-METHOD_IDENTIFIER":"executeWMCustomQuery-2-107741091"},"x-WM-TAG":"QueryExecutionController","x-WM-BASE_PATH":"/Stock_DB/queryExecutor","x-WM-COMPLETE_PATH":"//Stock_DB/queryExecutor/queries/wm_custom","x-WM-RELATIVE_PATH":"/queries/wm_custom"},"/Stock_DB/queryExecutor/queries/wm_custom_update":{"post":{"tags":["QueryExecutionController"],"description":"Process request to execute customer queries","operationId":"executeWMCustomQuery","parameters":[{"in":"body","name":"CustomQuery","required":true,"schema":{"$ref":"#/definitions/CustomQuery","x-WM-TYPE_ARGUMENTS":[]},"x-WM-FULLY_QUALIFIED_TYPE":"com.wavemaker.runtime.data.model.CustomQuery","x-WM-UUID":"15ee530e-d503-4d16-8465-8db8021fd8e9","x-WM-EDITABLE":true}],"responses":{"200":{"description":"Success","schema":{"type":"integer","format":"int32"}}},"x-WM-OPERATION_UID":"d7dd11fc-b368-4e65-9a3d-098f3cd92694","x-WM-ACCESS_SPECIFIER":"APP_ONLY","x-WM-METHOD_IDENTIFIER":"executeWMCustomQuery-1--718813271"},"x-WM-TAG":"QueryExecutionController","x-WM-BASE_PATH":"/Stock_DB/queryExecutor","x-WM-COMPLETE_PATH":"//Stock_DB/queryExecutor/queries/wm_custom_update","x-WM-RELATIVE_PATH":"/queries/wm_custom_update"}},"definitions":{"Sort":{"allOf":[{"$ref":"#/definitions/Iterable"},{"$ref":"#/definitions/Serializable"},{"properties":{"orders":{"type":"array","uniqueItems":false,"items":{"$ref":"#/definitions/Sort$Order","x-WM-TYPE_ARGUMENTS":[]},"x-WM-IS_LIST":true}}}],"x-WM-FULLY_QUALIFIED_NAME":"org.springframework.data.domain.Sort","x-WM-TAGS":["MyStocksController"]},"Iterable":{"x-WM-FULLY_QUALIFIED_NAME":"java.lang.Iterable","x-WM-TAGS":["MyStocksController"]},"CustomQueryParam":{"properties":{"paramValue":{"$ref":"#/definitions/Object","x-WM-TYPE_ARGUMENTS":[]},"paramName":{"type":"string"},"paramType":{"type":"string"},"isList":{"type":"boolean"}},"x-WM-FULLY_QUALIFIED_NAME":"com.wavemaker.runtime.data.model.CustomQueryParam","x-WM-TAGS":["QueryExecutionController"]},"CustomProcedure":{"properties":{"procedureStr":{"type":"string"},"procedureParams":{"type":"array","uniqueItems":false,"items":{"$ref":"#/definitions/CustomProcedureParam","x-WM-TYPE_ARGUMENTS":[]},"x-WM-IS_LIST":true}},"x-WM-FULLY_QUALIFIED_NAME":"com.wavemaker.runtime.data.model.CustomProcedure","x-WM-TAGS":["ProcedureExecutionController"]},"QueryFilter":{"properties":{"attributeType":{"type":"string","enum":["BIG_DECIMAL","BIG_INTEGER","BLOB","BOOLEAN","BYTE","CALENDAR","CALENDAR_DATE","CHARACTER","CLOB","CURRENCY","DATE","DOUBLE","FLOAT","INTEGER","LOCALE","STRING","SHORT","TEXT","TIME","DATETIME","TIMESTAMP","TIMEZONE","TRUE_FALSE","YES_NO"]},"filterCondition":{"type":"string","enum":["STARTING_WITH","ENDING_WITH","CONTAINING","EQUALS"]},"attributeValue":{"$ref":"#/definitions/Object","x-WM-TYPE_ARGUMENTS":[]},"attributeName":{"type":"string"}},"x-WM-FULLY_QUALIFIED_NAME":"com.wavemaker.runtime.data.expression.QueryFilter","x-WM-TAGS":["MyStocksController"]},"MyStocks":{"allOf":[{"$ref":"#/definitions/Serializable"},{"properties":{"category":{"type":"integer","format":"int32"},"sid":{"type":"integer","format":"int32"},"name":{"type":"string"},"symbol":{"type":"string"},"exchange":{"type":"string"}}}],"x-WM-FULLY_QUALIFIED_NAME":"com.stock.stock_db.MyStocks","x-WM-TAGS":["MyStocksController"]},"Page":{"allOf":[{"$ref":"#/definitions/Slice"},{"properties":{"numberOfElements":{"type":"integer","format":"int32"},"size":{"type":"integer","format":"int32"},"totalPages":{"type":"integer","format":"int32"},"first":{"type":"boolean"},"totalElements":{"type":"integer","format":"int64"},"number":{"type":"integer","format":"int32"},"sort":{"$ref":"#/definitions/Sort","x-WM-TYPE_ARGUMENTS":[]},"content":{"type":"array","uniqueItems":false,"items":{"$ref":"#/definitions/Object","x-WM-TYPE_ARGUMENTS":[]},"x-WM-IS_LIST":true},"last":{"type":"boolean"}}}],"x-WM-FULLY_QUALIFIED_NAME":"org.springframework.data.domain.Page","x-WM-TAGS":["MyStocksController","QueryExecutionController"]},"Sort$Order":{"allOf":[{"$ref":"#/definitions/Serializable"},{"properties":{"direction":{"type":"string","enum":["ASC","DESC"]},"nullHandling":{"type":"string","enum":["NATIVE","NULLS_FIRST","NULLS_LAST"]},"ignoreCase":{"type":"boolean"},"property":{"type":"string"}}}],"x-WM-FULLY_QUALIFIED_NAME":"org.springframework.data.domain.Sort.Order","x-WM-TAGS":["MyStocksController"]},"Serializable":{"x-WM-FULLY_QUALIFIED_NAME":"java.io.Serializable","x-WM-TAGS":["MyStocksController"]},"CustomQuery":{"properties":{"queryStr":{"type":"string"},"nativeSql":{"type":"boolean"},"queryParams":{"type":"array","uniqueItems":false,"items":{"$ref":"#/definitions/CustomQueryParam","x-WM-TYPE_ARGUMENTS":[]},"x-WM-IS_LIST":true}},"x-WM-FULLY_QUALIFIED_NAME":"com.wavemaker.runtime.data.model.CustomQuery","x-WM-TAGS":["QueryExecutionController"]},"CustomProcedureParam":{"properties":{"paramValue":{"$ref":"#/definitions/Object","x-WM-TYPE_ARGUMENTS":[]},"paramName":{"type":"string"},"valueType":{"type":"string"},"procedureParamType":{"type":"string","enum":["IN","OUT","IN_OUT"]}},"x-WM-FULLY_QUALIFIED_NAME":"com.wavemaker.runtime.data.model.CustomProcedureParam","x-WM-TAGS":["ProcedureExecutionController"]},"Slice":{"allOf":[{"$ref":"#/definitions/Iterable"},{"properties":{"numberOfElements":{"type":"integer","format":"int32"},"size":{"type":"integer","format":"int32"},"first":{"type":"boolean"},"number":{"type":"integer","format":"int32"},"sort":{"$ref":"#/definitions/Sort","x-WM-TYPE_ARGUMENTS":[]},"content":{"type":"array","uniqueItems":false,"items":{"$ref":"#/definitions/Object","x-WM-TYPE_ARGUMENTS":[]},"x-WM-IS_LIST":true},"last":{"type":"boolean"}}}],"x-WM-FULLY_QUALIFIED_NAME":"org.springframework.data.domain.Slice","x-WM-TAGS":["MyStocksController"]}}}