{"swagger":"2.0","info":{"version":"2.0","x-WM-SERVICE_TYPE":"RestService","x-WM-API_ID":"88dc63c7-fd23-47fb-b8d0-268f669fc6c8","x-WM-SERVICE_ID":"yimg"},"host":"d.yimg.com","basePath":"http://d.yimg.com","tags":[{"name":"RestServiceVirtualController","description":"Rest service swagger documentation"}],"schemes":["http","https"],"paths":{"/autoc.finance.yahoo.com/autoc":{"get":{"tags":["RestServiceVirtualController"],"operationId":"invoke","consumes":["text/xml"],"parameters":[{"name":"query","in":"query","description":"query","required":false,"type":"string","x-WM-EDITABLE":false},{"name":"callback","in":"query","description":"callback","required":false,"type":"string","x-WM-EDITABLE":false}],"responses":{"200":{"description":"Success","schema":{"$ref":"#/definitions/RootResponse"}}},"x-WM-OPERATION_UID":"da6a92df-3b70-4efd-8728-a2c15e79e1d0","x-WM-ACCESS_SPECIFIER":"APP_ONLY","x-WM-METHOD_IDENTIFIER":"invoke"},"x-WM-TAG":"RestServiceVirtualController","x-WM-BASE_PATH":"/autoc.finance.yahoo.com/autoc","x-WM-RELATIVE_PATH":"/"}},"definitions":{"RootResponse":{"x-WM-FULLY_QUALIFIED_NAME":"look_up.RootResponse","x-WM-TAGS":["RestServiceVirtualController"]}}}