{"swagger":"2.0","info":{"version":"2.0","x-WM-SERVICE_TYPE":"RestService","x-WM-API_ID":"ece6d82e-d81c-4a50-937e-8ba1547bbbdb","x-WM-SERVICE_ID":"yahooapis"},"host":"query.yahooapis.com","tags":[{"name":"RestServiceVirtualController","description":"Rest service swagger documentation"}],"schemes":["http","https"],"paths":{"/API_Query/invoke":{"get":{"tags":["RestServiceVirtualController"],"operationId":"invoke","consumes":["text/xml"],"parameters":[{"name":"q","in":"query","description":"q","required":false,"type":"string","x-WM-EDITABLE":false},{"name":"callback","in":"query","description":"callback","required":false,"type":"string","x-WM-EDITABLE":false},{"name":"env","in":"query","description":"env","required":false,"type":"string","x-WM-EDITABLE":false},{"name":"format","in":"query","description":"format","required":false,"type":"string","x-WM-EDITABLE":false},{"name":"diagnostics","in":"query","description":"diagnostics","required":false,"type":"string","x-WM-EDITABLE":false}],"responses":{"200":{"description":"Success","schema":{"$ref":"#/definitions/RootResponse"}}},"x-WM-OPERATION_UID":"fa729b12-9248-446d-a449-3dcfd7b937c8","x-WM-ACCESS_SPECIFIER":"APP_ONLY","x-WM-METHOD_IDENTIFIER":"invoke"},"x-WM-BASE_PATH":"/API_Query/invoke","x-WM-TAG":"RestServiceVirtualController","x-WM-RELATIVE_PATH":"/"}},"definitions":{"urlEntryItem":{"properties":{"content":{"type":"string"},"execution-stop-time":{"type":"string"},"execution-time":{"type":"string"},"execution-start-time":{"type":"string"}},"x-WM-FULLY_QUALIFIED_NAME":"API_Query.urlEntryItem","x-WM-TAGS":["RestServiceVirtualController"]},"javascript":{"properties":{"execution-stop-time":{"type":"string"},"execution-time":{"type":"string"},"instructions-used":{"type":"string"},"execution-start-time":{"type":"string"},"table-name":{"type":"string"}},"x-WM-FULLY_QUALIFIED_NAME":"API_Query.javascript","x-WM-TAGS":["RestServiceVirtualController"]},"RootResponse":{"properties":{"query":{"$ref":"#/definitions/query"}},"x-WM-FULLY_QUALIFIED_NAME":"API_Query.RootResponse","x-WM-TAGS":["RestServiceVirtualController"]},"results":{"properties":{"quote":{"type":"array","items":{"$ref":"#/definitions/quoteEntryItem"},"x-WM-IS_LIST":true}},"x-WM-FULLY_QUALIFIED_NAME":"API_Query.results","x-WM-TAGS":["RestServiceVirtualController"]},"query":{"properties":{"count":{"type":"integer","format":"int32"},"results":{"$ref":"#/definitions/results"},"created":{"type":"string"},"lang":{"type":"string"},"diagnostics":{"$ref":"#/definitions/diagnostics"}},"x-WM-FULLY_QUALIFIED_NAME":"API_Query.query","x-WM-TAGS":["RestServiceVirtualController"]},"queryEntryItem":{"properties":{"content":{"type":"string"},"execution-stop-time":{"type":"string"},"params":{"type":"string"},"execution-time":{"type":"string"},"execution-start-time":{"type":"string"}},"x-WM-FULLY_QUALIFIED_NAME":"API_Query.queryEntryItem","x-WM-TAGS":["RestServiceVirtualController"]},"cacheEntryItem":{"properties":{"content":{"type":"string"},"execution-stop-time":{"type":"string"},"method":{"type":"string"},"execution-time":{"type":"string"},"type":{"type":"string"},"execution-start-time":{"type":"string"}},"x-WM-FULLY_QUALIFIED_NAME":"API_Query.cacheEntryItem","x-WM-TAGS":["RestServiceVirtualController"]},"diagnostics":{"properties":{"javascript":{"$ref":"#/definitions/javascript"},"cache":{"type":"array","items":{"$ref":"#/definitions/cacheEntryItem"},"x-WM-IS_LIST":true},"query":{"type":"array","items":{"$ref":"#/definitions/queryEntryItem"},"x-WM-IS_LIST":true},"service-time":{"type":"string"},"build-version":{"type":"string"},"publiclyCallable":{"type":"string"},"user-time":{"type":"string"},"url":{"type":"array","items":{"$ref":"#/definitions/urlEntryItem"},"x-WM-IS_LIST":true}},"x-WM-FULLY_QUALIFIED_NAME":"API_Query.diagnostics","x-WM-TAGS":["RestServiceVirtualController"]},"quoteEntryItem":{"properties":{"Open":{"type":"string"},"Low":{"type":"string"},"Close":{"type":"string"},"Adj_Close":{"type":"string"},"Date":{"type":"string"},"Symbol":{"type":"string"},"Volume":{"type":"string"},"High":{"type":"string"}},"x-WM-FULLY_QUALIFIED_NAME":"API_Query.quoteEntryItem","x-WM-TAGS":["RestServiceVirtualController"]}}}