{
	"Add_As_Favorite": {
		"name": "Add_As_Favorite",
		"type": "MyStocks",
		"isList": false,
		"owner": "Page",
		"dataSet": {
			"dataValue": ""
		},
		"dataBinding": [
			{
				"name": "dataBinding",
				"type": "MyStocks",
				"fields": [
					{
						"name": "sid",
						"type": "number"
					},
					{
						"name": "name",
						"type": "string",
						"value": "bind:Widgets.livelist1.selecteditem.Name"
					},
					{
						"name": "symbol",
						"type": "string",
						"value": "bind:Widgets.livelist1.selecteditem.Symbol"
					},
					{
						"name": "exchange",
						"type": "string",
						"value": "bind:Widgets.livelist1.selecteditem.Exchange"
					},
					{
						"name": "category",
						"type": "number",
						"value": "bind:'1'  | toNumber"
					}
				]
			}
		],
		"saveInPhonegap": false,
		"firstRow": 0,
		"maxResults": 20,
		"designMaxResults": 10,
		"operation": "insert",
		"startUpdate": false,
		"autoUpdate": false,
		"inFlightBehavior": "executeLast",
		"transformationRequired": false,
		"liveSource": "Stock_DB",
		"ignoreCase": false,
		"matchMode": "start",
		"filterFields": {},
		"category": "wm.LiveVariable",
		"_id": "wm-Add_As_Favorite-liveVariable1-wm.LiveVariable-1442210590499",
		"package": "com.stock.stock_db.MyStocks",
		"tableName": "MyStocks",
		"tableType": "TABLE",
		"propertiesMap": {
			"columns": [
				{
					"fieldName": "sid",
					"type": "integer",
					"hibernateType": "integer",
					"fullyQualifiedType": "integer",
					"columnName": "SID",
					"isPrimaryKey": true,
					"notNull": true,
					"length": 1,
					"precision": 19,
					"generator": "identity",
					"isRelated": false,
					"defaultValue": ""
				},
				{
					"fieldName": "name",
					"type": "string",
					"hibernateType": "string",
					"fullyQualifiedType": "string",
					"columnName": "name",
					"isPrimaryKey": false,
					"notNull": false,
					"length": 255,
					"precision": 19,
					"generator": null,
					"isRelated": false,
					"defaultValue": null
				},
				{
					"fieldName": "symbol",
					"type": "string",
					"hibernateType": "string",
					"fullyQualifiedType": "string",
					"columnName": "symbol",
					"isPrimaryKey": false,
					"notNull": false,
					"length": 255,
					"precision": 19,
					"generator": null,
					"isRelated": false,
					"defaultValue": null
				},
				{
					"fieldName": "exchange",
					"type": "string",
					"hibernateType": "string",
					"fullyQualifiedType": "string",
					"columnName": "exchange",
					"isPrimaryKey": false,
					"notNull": false,
					"length": 255,
					"precision": 19,
					"generator": null,
					"isRelated": false,
					"defaultValue": null
				},
				{
					"fieldName": "category",
					"type": "integer",
					"hibernateType": "integer",
					"fullyQualifiedType": "integer",
					"columnName": "category",
					"isPrimaryKey": false,
					"notNull": false,
					"length": 1,
					"precision": 19,
					"generator": null,
					"isRelated": false,
					"defaultValue": "0"
				}
			],
			"primaryKeys": [
				"sid"
			],
			"entityName": "MyStocks",
			"fullyQualifiedName": "com.stock.stock_db.MyStocks",
			"tableType": "TABLE"
		},
		"inputFields": {}
	}
}