<?xml version="1.0" encoding="UTF-8" standalone="yes"?>
<service xmlns="http://www.activegrid.com/namespaces/ServiceDefinitions/1.0" id="look_up" type="RestService" springFile="look_up.spring.xml">
    <operation name="invoke">
        <parameter name="query" typeRef="java.lang.String" isList="false"/>
        <parameter name="callback" typeRef="java.lang.String" isList="false"/>
        <return typeRef="look_up.RootResponse" isList="false"/>
    </operation>
    <dataobjects>
        <dataobject javaType="look_up.RootResponse" name="RootResponse" supportsQuickData="false"/>
    </dataobjects>
</service>
