{"swagger":"2.0","info":{"version":"2.0","x-WM-SERVICE_TYPE":"RestService","x-WM-API_ID":"15318dfb-aef1-463e-8f27-96b27a1b135c","x-WM-SERVICE_ID":"markitondemand"},"host":"dev.markitondemand.com","basePath":"http://dev.markitondemand.com","tags":[{"name":"RestServiceVirtualController","description":"Rest service swagger documentation"}],"schemes":["http","https"],"paths":{"/Api/v2/Lookup":{"get":{"tags":["RestServiceVirtualController"],"operationId":"invoke","consumes":["text/xml"],"parameters":[{"name":"input","in":"query","description":"input","required":false,"type":"string","x-WM-EDITABLE":false}],"responses":{"200":{"description":"Success","schema":{"$ref":"#/definitions/LookupResultList"}}},"x-WM-OPERATION_UID":"11ae6ff5-e4ae-4eed-8d8e-4b355a60766a","x-WM-ACCESS_SPECIFIER":"APP_ONLY","x-WM-METHOD_IDENTIFIER":"invoke"},"x-WM-TAG":"RestServiceVirtualController","x-WM-BASE_PATH":"/Api/v2/Lookup","x-WM-RELATIVE_PATH":"/"}},"definitions":{"LookupResultList":{"properties":{"LookupResult":{"type":"array","uniqueItems":false,"items":{"$ref":"#/definitions/LookupResultEntryItem"},"x-WM-IS_LIST":true}},"x-WM-FULLY_QUALIFIED_NAME":"markitondemand_lookup.LookupResultList","x-WM-TAGS":["RestServiceVirtualController"]},"LookupResultEntryItem":{"properties":{"Name":{"type":"string"},"Exchange":{"type":"string"},"Symbol":{"type":"string"}},"x-WM-FULLY_QUALIFIED_NAME":"markitondemand_lookup.LookupResultEntryItem","x-WM-TAGS":["RestServiceVirtualController"]}}}