{
	"goToPage-Main": {
		"name": "goToPage-Main",
		"owner": "App",
		"operation": "gotoPage",
		"pageName": "Main",
		"dataBinding": {},
		"category": "wm.NavigationVariable",
		"_id": "wm-goToPage-Main-wm.NavigationVariable1389180517517"
	},
	"supportedLocale": {
		"name": "supportedLocale",
		"type": "string",
		"isList": false,
		"owner": "App",
		"dataSet": {
			"en": "English"
		},
		"dataBinding": [
			{
				"name": "dataSet",
				"type": "object",
				"fields": [
					{
						"name": "dataValue",
						"type": "string"
					}
				]
			}
		],
		"saveInPhonegap": false,
		"category": "wm.Variable",
		"_id": "wm-supportedLocale-wm.Variable1402640443182"
	},
	"goToPage_Stock_Data": {
		"name": "goToPage_Stock_Data",
		"owner": "App",
		"operation": "gotoPage",
		"pageName": "Stock_Data",
		"dataBinding": {},
		"category": "wm.NavigationVariable",
		"_id": "wm-goToPage_Stock_Data-wm.NavigationVariable-1442213423219"
	},
	"API_stock_data_for_graph": {
		"name": "API_stock_data_for_graph",
		"type": "API_Query.RootResponse",
		"isList": false,
		"owner": "App",
		"dataSet": {
			"dataValue": ""
		},
		"dataBinding": [
			{
				"name": "dataBinding",
				"type": "object",
				"fields": [
					{
						"name": "q",
						"value": "bind:'select * from yahoo.finance.historicaldata where symbol = \"'+Variables.Symbol.dataSet.dataValue+'\" and startDate = \"'+Variables.selected_date.dataSet.dataValue+'\" and endDate = \"'+Variables.current_date.dataSet.dataValue+'\"'",
						"type": "java.lang.String"
					},
					{
						"name": "format",
						"value": "json",
						"type": "java.lang.String"
					},
					{
						"name": "diagnostics",
						"value": "true",
						"type": "java.lang.String"
					},
					{
						"name": "env",
						"value": "store://datatables.org/alltableswithkeys",
						"type": "java.lang.String"
					},
					{
						"name": "callback",
						"value": "",
						"type": "java.lang.String"
					}
				]
			}
		],
		"saveInPhonegap": false,
		"firstRow": 0,
		"maxResults": 20,
		"designMaxResults": 10,
		"service": "API_Query",
		"operation": "invoke",
		"operationType": "get",
		"startUpdate": true,
		"autoUpdate": true,
		"inFlightBehavior": "executeLast",
		"transformationRequired": false,
		"serviceType": "RestService",
		"category": "wm.ServiceVariable",
		"isDefault": true,
		"wmServiceOperationInfo": {
			"methodType": "get",
			"name": "invoke",
			"relativePath": "/API_Query/invoke/",
			"consumes": [
				"text/xml"
			],
			"parameters": [
				{
					"name": "q",
					"parameterType": "query"
				},
				{
					"name": "callback",
					"parameterType": "query"
				},
				{
					"name": "env",
					"parameterType": "query"
				},
				{
					"name": "format",
					"parameterType": "query"
				},
				{
					"name": "diagnostics",
					"parameterType": "query"
				}
			]
		},
		"_id": "wm-API_stock_data_for_graph-API_Query_for_graph-API_QueryInvoke-wm.ServiceVariable-1442239291895"
	},
	"YQL_Stock_data_by_Symbol": {
		"name": "YQL_Stock_data_by_Symbol",
		"type": "yahooapis.RootResponse",
		"isList": false,
		"owner": "App",
		"dataSet": {
			"dataValue": ""
		},
		"dataBinding": [
			{
				"name": "dataBinding",
				"type": "object",
				"fields": [
					{
						"name": "q",
						"value": "bind:Widgets.favLiveList.selecteditem.symbol ? 'select * from yahoo.finance.quotes where symbol in ( \"'+Widgets.favLiveList.selecteditem.symbol+'\" )' : ''",
						"type": "java.lang.String"
					},
					{
						"name": "format",
						"value": "json",
						"type": "java.lang.String"
					},
					{
						"name": "diagnostics",
						"value": "true",
						"type": "java.lang.String"
					},
					{
						"name": "env",
						"value": "store://datatables.org/alltableswithkeys",
						"type": "java.lang.String"
					}
				]
			}
		],
		"saveInPhonegap": false,
		"firstRow": 0,
		"maxResults": 20,
		"designMaxResults": 10,
		"service": "yahooapis",
		"operation": "invoke",
		"operationType": "get",
		"startUpdate": false,
		"autoUpdate": true,
		"inFlightBehavior": "executeLast",
		"transformationRequired": false,
		"serviceType": "RestService",
		"category": "wm.ServiceVariable",
		"isDefault": true,
		"wmServiceOperationInfo": {
			"methodType": "get",
			"name": "invoke",
			"relativePath": "/yahooapis/invoke/",
			"consumes": [
				"text/xml"
			],
			"parameters": [
				{
					"name": "q",
					"parameterType": "query"
				},
				{
					"name": "env",
					"parameterType": "query"
				},
				{
					"name": "format",
					"parameterType": "query"
				},
				{
					"name": "diagnostics",
					"parameterType": "query"
				}
			]
		},
		"_id": "wm-YQL_Stock_data_by_Symbol-YahooapisInvoke-wm.ServiceVariable-1442400797422"
	},
	"Symbol": {
		"name": "Symbol",
		"type": "string",
		"isList": false,
		"owner": "App",
		"dataSet": {
			"dataValue": ""
		},
		"dataBinding": [
			{
				"name": "dataSet",
				"type": "object",
				"fields": [
					{
						"name": "dataValue",
						"type": "string",
						"value": ""
					}
				]
			}
		],
		"saveInPhonegap": false,
		"category": "wm.Variable",
		"_id": "wm-Symbol-wm.Variable-1442441284880"
	},
	"goToPage_Add_Symbol": {
		"name": "goToPage_Add_Symbol",
		"owner": "App",
		"operation": "gotoPage",
		"pageName": "Add_Symbol",
		"dataBinding": {},
		"category": "wm.NavigationVariable",
		"_id": "wm-goToPage_Add_Symbol-wm.NavigationVariable-1442444059118"
	},
	"Api_symbol_Lookup": {
		"name": "Api_symbol_Lookup",
		"type": "look_up.RootResponse",
		"isList": false,
		"owner": "App",
		"dataSet": {
			"dataValue": ""
		},
		"dataBinding": [
			{
				"name": "dataBinding",
				"type": "object",
				"fields": [
					{
						"name": "query",
						"value": "G",
						"type": "java.lang.String"
					},
					{
						"name": "callback",
						"value": "YAHOO.Finance.SymbolSuggest.ssCallback",
						"type": "java.lang.String"
					}
				]
			}
		],
		"saveInPhonegap": false,
		"firstRow": 0,
		"maxResults": 20,
		"designMaxResults": 10,
		"service": "look_up",
		"operation": "invoke",
		"operationType": "get",
		"startUpdate": false,
		"autoUpdate": true,
		"inFlightBehavior": "executeAll",
		"transformationRequired": false,
		"serviceType": "RestService",
		"category": "wm.ServiceVariable",
		"isDefault": true,
		"wmServiceOperationInfo": {
			"methodType": "get",
			"name": "invoke",
			"relativePath": "/look_up/invoke/",
			"consumes": [
				"text/xml"
			],
			"parameters": [
				{
					"name": "query",
					"parameterType": "query"
				},
				{
					"name": "callback",
					"parameterType": "query"
				}
			]
		},
		"_id": "wm-Api_symbol_Lookup-Look_upInvoke-wm.ServiceVariable-1442560432108"
	},
	"Symbol_lookup": {
		"name": "Symbol_lookup",
		"type": "markitondemand_lookup.LookupResultList",
		"isList": false,
		"owner": "App",
		"dataSet": {
			"dataValue": ""
		},
		"dataBinding": [
			{
				"name": "dataBinding",
				"type": "object",
				"fields": [
					{
						"name": "input",
						"value": "bind:Widgets.search1.query",
						"type": "java.lang.String"
					}
				]
			}
		],
		"saveInPhonegap": false,
		"firstRow": 0,
		"maxResults": 20,
		"designMaxResults": 10,
		"service": "markitondemand_lookup",
		"operation": "invoke",
		"operationType": "get",
		"startUpdate": false,
		"autoUpdate": true,
		"inFlightBehavior": "executeLast",
		"transformationRequired": false,
		"serviceType": "RestService",
		"category": "wm.ServiceVariable",
		"isDefault": true,
		"wmServiceOperationInfo": {
			"methodType": "get",
			"name": "invoke",
			"relativePath": "/markitondemand_lookup/invoke/",
			"consumes": [
				"text/xml"
			],
			"parameters": [
				{
					"name": "input",
					"parameterType": "query"
				}
			]
		},
		"_id": "wm-Symbol_lookup-Markitondemand_lookupInvoke-wm.ServiceVariable-1442562859342"
	},
	"compare": {
		"name": "compare",
		"type": "string",
		"isList": false,
		"owner": "App",
		"dataSet": {
			"dataValue": ""
		},
		"dataBinding": [
			{
				"name": "dataSet",
				"fields": [
					{
						"name": "dataValue",
						"type": "string"
					}
				],
				"type": "object",
				"isList": false
			}
		],
		"saveInPhonegap": false,
		"category": "wm.Variable",
		"_id": "wm-compare-wm.Variable-1442777153392"
	},
	"goToPage_Compare": {
		"name": "goToPage_Compare",
		"owner": "App",
		"operation": "gotoPage",
		"pageName": "Compare",
		"dataBinding": {},
		"category": "wm.NavigationVariable",
		"_id": "wm-goToPage_Compare-wm.NavigationVariable-1442777478308"
	},
	"selected_date": {
		"name": "selected_date",
		"type": "string",
		"isList": false,
		"owner": "App",
		"dataSet": {
			"dataValue": ""
		},
		"dataBinding": [
			{
				"name": "dataSet",
				"fields": [
					{
						"name": "dataValue",
						"type": "string"
					}
				],
				"type": "object",
				"isList": false
			}
		],
		"saveInPhonegap": false,
		"category": "wm.Variable",
		"_id": "wm-selected_date-query-wm.Variable-1442436480282"
	},
	"current_date": {
		"name": "current_date",
		"type": "string",
		"isList": false,
		"owner": "App",
		"dataSet": {
			"dataValue": ""
		},
		"dataBinding": [
			{
				"name": "dataSet",
				"type": "object",
				"fields": [
					{
						"name": "dataValue",
						"type": "string"
					}
				]
			}
		],
		"saveInPhonegap": false,
		"category": "wm.Variable",
		"_id": "wm-current_date-wm.Variable-1442819631458"
	},
	"pieCharData": {
		"name": "pieCharData",
		"type": "string",
		"isList": true,
		"owner": "App",
		"dataSet": [
			{
				"label": "Gain",
				"values": 355
			},
			{
				"label": "Loss",
				"values": 33
			}
		],
		"dataBinding": [
			{
				"name": "dataSet",
				"fields": [
					{
						"name": "label",
						"type": "string"
					},
					{
						"name": "values",
						"type": "string"
					}
				],
				"type": "object",
				"isList": true
			}
		],
		"saveInPhonegap": false,
		"category": "wm.Variable",
		"_id": "wm-pieCharData-static1-static-wm.Variable-1442737002947"
	}
}