{
	"year_data": {
		"name": "year_data",
		"type": "entry",
		"isList": true,
		"owner": "Page",
		"dataSet": [
			{
				"Symbol": "YHOO",
				"Date": "2010-03-10",
				"Open": 16.51,
				"High": 16.940001,
				"Low": 16.51,
				"Close": 16.790001,
				"Volume": 33088600,
				"Adj_Close": 16.790001
			}
		],
		"dataBinding": [
			{
				"name": "dataSet",
				"fields": [
					{
						"name": "Symbol",
						"type": "entry"
					},
					{
						"name": "Date",
						"type": "entry"
					},
					{
						"name": "Open",
						"type": "entry"
					},
					{
						"name": "High",
						"type": "entry"
					},
					{
						"name": "Low",
						"type": "entry"
					},
					{
						"name": "Close",
						"type": "entry"
					},
					{
						"name": "Volume",
						"type": "entry"
					},
					{
						"name": "Adj_Close",
						"type": "entry"
					}
				],
				"type": "object",
				"isList": true
			}
		],
		"saveInPhonegap": false,
		"category": "wm.Variable",
		"_id": "wm-year_data-wm.Variable-1442435709078"
	}
}