<?xml version="1.0" encoding="UTF-8" standalone="yes"?>
<service xmlns="http://www.activegrid.com/namespaces/ServiceDefinitions/1.0" id="yahooapis" type="RestService" springFile="yahooapis.spring.xml">
    <operation name="invoke">
        <parameter name="q" typeRef="java.lang.String" isList="false"/>
        <parameter name="env" typeRef="java.lang.String" isList="false"/>
        <parameter name="format" typeRef="java.lang.String" isList="false"/>
        <parameter name="diagnostics" typeRef="java.lang.String" isList="false"/>
        <return typeRef="yahooapis.RootResponse" isList="false"/>
    </operation>
    <dataobjects>
        <dataobject javaType="yahooapis.query" name="query" supportsQuickData="false">
            <element name="content" typeRef="java.lang.String" isList="false" allowNull="false"/>
            <element name="execution-stop-time" typeRef="java.lang.String" isList="false" allowNull="false"/>
            <element name="results" typeRef="yahooapis.results" isList="false" allowNull="false"/>
            <element name="count" typeRef="java.lang.Integer" isList="false" allowNull="false"/>
            <element name="created" typeRef="java.lang.String" isList="false" allowNull="false"/>
            <element name="params" typeRef="java.lang.String" isList="false" allowNull="false"/>
            <element name="execution-time" typeRef="java.lang.String" isList="false" allowNull="false"/>
            <element name="diagnostics" typeRef="yahooapis.diagnostics" isList="false" allowNull="false"/>
            <element name="lang" typeRef="java.lang.String" isList="false" allowNull="false"/>
            <element name="execution-start-time" typeRef="java.lang.String" isList="false" allowNull="false"/>
        </dataobject>
        <dataobject javaType="yahooapis.TickerTrend" name="TickerTrend" supportsQuickData="false"/>
        <dataobject javaType="yahooapis.quote" name="quote" supportsQuickData="false">
            <element name="Open" typeRef="java.lang.String" isList="false" allowNull="false"/>
            <element name="PriceEPSEstimateCurrentYear" typeRef="java.lang.String" isList="false" allowNull="false"/>
            <element name="BookValue" typeRef="java.lang.String" isList="false" allowNull="false"/>
            <element name="Bid" typeRef="java.lang.String" isList="false" allowNull="false"/>
            <element name="DaysHigh" typeRef="java.lang.String" isList="false" allowNull="false"/>
            <element name="OrderBookRealtime" typeRef="yahooapis.OrderBookRealtime" isList="false" allowNull="false"/>
            <element name="ChangeFromFiftydayMovingAverage" typeRef="java.lang.String" isList="false" allowNull="false"/>
            <element name="DaysRange" typeRef="java.lang.String" isList="false" allowNull="false"/>
            <element name="ErrorIndicationreturnedforsymbolchangedinvalid" typeRef="yahooapis.ErrorIndicationreturnedforsymbolchangedinvalid" isList="false" allowNull="false"/>
            <element name="MoreInfo" typeRef="yahooapis.MoreInfo" isList="false" allowNull="false"/>
            <element name="AnnualizedGain" typeRef="yahooapis.AnnualizedGain" isList="false" allowNull="false"/>
            <element name="Change_PercentChange" typeRef="java.lang.String" isList="false" allowNull="false"/>
            <element name="DaysRangeRealtime" typeRef="yahooapis.DaysRangeRealtime" isList="false" allowNull="false"/>
            <element name="LowLimit" typeRef="yahooapis.LowLimit" isList="false" allowNull="false"/>
            <element name="PercentChangeFromTwoHundreddayMovingAverage" typeRef="java.lang.String" isList="false" allowNull="false"/>
            <element name="ChangeFromTwoHundreddayMovingAverage" typeRef="java.lang.String" isList="false" allowNull="false"/>
            <element name="DividendYield" typeRef="yahooapis.DividendYield" isList="false" allowNull="false"/>
            <element name="EPSEstimateCurrentYear" typeRef="java.lang.String" isList="false" allowNull="false"/>
            <element name="LastTradeDate" typeRef="java.lang.String" isList="false" allowNull="false"/>
            <element name="TwoHundreddayMovingAverage" typeRef="java.lang.String" isList="false" allowNull="false"/>
            <element name="AskRealtime" typeRef="yahooapis.AskRealtime" isList="false" allowNull="false"/>
            <element name="PercentChange" typeRef="java.lang.String" isList="false" allowNull="false"/>
            <element name="DividendPayDate" typeRef="yahooapis.DividendPayDate" isList="false" allowNull="false"/>
            <element name="Currency" typeRef="java.lang.String" isList="false" allowNull="false"/>
            <element name="YearRange" typeRef="java.lang.String" isList="false" allowNull="false"/>
            <element name="symbol" typeRef="java.lang.String" isList="false" allowNull="false"/>
            <element name="HoldingsGainPercent" typeRef="yahooapis.HoldingsGainPercent" isList="false" allowNull="false"/>
            <element name="Change" typeRef="java.lang.String" isList="false" allowNull="false"/>
            <element name="PercentChangeFromFiftydayMovingAverage" typeRef="java.lang.String" isList="false" allowNull="false"/>
            <element name="Notes" typeRef="yahooapis.Notes" isList="false" allowNull="false"/>
            <element name="HoldingsGain" typeRef="yahooapis.HoldingsGain" isList="false" allowNull="false"/>
            <element name="YearHigh" typeRef="java.lang.String" isList="false" allowNull="false"/>
            <element name="Symbol" typeRef="java.lang.String" isList="false" allowNull="false"/>
            <element name="AfterHoursChangeRealtime" typeRef="yahooapis.AfterHoursChangeRealtime" isList="false" allowNull="false"/>
            <element name="HoldingsGainPercentRealtime" typeRef="yahooapis.HoldingsGainPercentRealtime" isList="false" allowNull="false"/>
            <element name="MarketCapitalization" typeRef="java.lang.String" isList="false" allowNull="false"/>
            <element name="BidRealtime" typeRef="yahooapis.BidRealtime" isList="false" allowNull="false"/>
            <element name="LastTradePriceOnly" typeRef="java.lang.String" isList="false" allowNull="false"/>
            <element name="EPSEstimateNextQuarter" typeRef="java.lang.String" isList="false" allowNull="false"/>
            <element name="PERatio" typeRef="java.lang.String" isList="false" allowNull="false"/>
            <element name="MarketCapRealtime" typeRef="yahooapis.MarketCapRealtime" isList="false" allowNull="false"/>
            <element name="AverageDailyVolume" typeRef="java.lang.String" isList="false" allowNull="false"/>
            <element name="PercentChangeFromYearLow" typeRef="java.lang.String" isList="false" allowNull="false"/>
            <element name="TickerTrend" typeRef="yahooapis.TickerTrend" isList="false" allowNull="false"/>
            <element name="LastTradeWithTime" typeRef="java.lang.String" isList="false" allowNull="false"/>
            <element name="ChangeFromYearHigh" typeRef="java.lang.String" isList="false" allowNull="false"/>
            <element name="PERatioRealtime" typeRef="yahooapis.PERatioRealtime" isList="false" allowNull="false"/>
            <element name="StockExchange" typeRef="java.lang.String" isList="false" allowNull="false"/>
            <element name="PreviousClose" typeRef="java.lang.String" isList="false" allowNull="false"/>
            <element name="FiftydayMovingAverage" typeRef="java.lang.String" isList="false" allowNull="false"/>
            <element name="LastTradeTime" typeRef="java.lang.String" isList="false" allowNull="false"/>
            <element name="DaysLow" typeRef="java.lang.String" isList="false" allowNull="false"/>
            <element name="PriceEPSEstimateNextYear" typeRef="java.lang.String" isList="false" allowNull="false"/>
            <element name="DaysValueChange" typeRef="yahooapis.DaysValueChange" isList="false" allowNull="false"/>
            <element name="HighLimit" typeRef="yahooapis.HighLimit" isList="false" allowNull="false"/>
            <element name="TradeDate" typeRef="yahooapis.TradeDate" isList="false" allowNull="false"/>
            <element name="OneyrTargetPrice" typeRef="java.lang.String" isList="false" allowNull="false"/>
            <element name="ChangeRealtime" typeRef="yahooapis.ChangeRealtime" isList="false" allowNull="false"/>
            <element name="ExDividendDate" typeRef="yahooapis.ExDividendDate" isList="false" allowNull="false"/>
            <element name="YearLow" typeRef="java.lang.String" isList="false" allowNull="false"/>
            <element name="EPSEstimateNextYear" typeRef="java.lang.String" isList="false" allowNull="false"/>
            <element name="Volume" typeRef="java.lang.String" isList="false" allowNull="false"/>
            <element name="PricePaid" typeRef="yahooapis.PricePaid" isList="false" allowNull="false"/>
            <element name="Ask" typeRef="java.lang.String" isList="false" allowNull="false"/>
            <element name="HoldingsValue" typeRef="yahooapis.HoldingsValue" isList="false" allowNull="false"/>
            <element name="ChangeFromYearLow" typeRef="java.lang.String" isList="false" allowNull="false"/>
            <element name="DividendShare" typeRef="yahooapis.DividendShare" isList="false" allowNull="false"/>
            <element name="EBITDA" typeRef="java.lang.String" isList="false" allowNull="false"/>
            <element name="PercebtChangeFromYearHigh" typeRef="java.lang.String" isList="false" allowNull="false"/>
            <element name="HoldingsGainRealtime" typeRef="yahooapis.HoldingsGainRealtime" isList="false" allowNull="false"/>
            <element name="PEGRatio" typeRef="java.lang.String" isList="false" allowNull="false"/>
            <element name="Name" typeRef="java.lang.String" isList="false" allowNull="false"/>
            <element name="Commission" typeRef="yahooapis.Commission" isList="false" allowNull="false"/>
            <element name="DaysValueChangeRealtime" typeRef="yahooapis.DaysValueChangeRealtime" isList="false" allowNull="false"/>
            <element name="LastTradeRealtimeWithTime" typeRef="yahooapis.LastTradeRealtimeWithTime" isList="false" allowNull="false"/>
            <element name="ChangePercentRealtime" typeRef="yahooapis.ChangePercentRealtime" isList="false" allowNull="false"/>
            <element name="HoldingsValueRealtime" typeRef="yahooapis.HoldingsValueRealtime" isList="false" allowNull="false"/>
            <element name="EarningsShare" typeRef="java.lang.String" isList="false" allowNull="false"/>
            <element name="PriceBook" typeRef="java.lang.String" isList="false" allowNull="false"/>
            <element name="ShortRatio" typeRef="java.lang.String" isList="false" allowNull="false"/>
            <element name="SharesOwned" typeRef="yahooapis.SharesOwned" isList="false" allowNull="false"/>
            <element name="ChangeinPercent" typeRef="java.lang.String" isList="false" allowNull="false"/>
            <element name="PriceSales" typeRef="java.lang.String" isList="false" allowNull="false"/>
        </dataobject>
        <dataobject javaType="yahooapis.TradeDate" name="TradeDate" supportsQuickData="false"/>
        <dataobject javaType="yahooapis.DividendShare" name="DividendShare" supportsQuickData="false"/>
        <dataobject javaType="yahooapis.HoldingsGainRealtime" name="HoldingsGainRealtime" supportsQuickData="false"/>
        <dataobject javaType="yahooapis.results" name="results" supportsQuickData="false">
            <element name="quote" typeRef="yahooapis.quote" isList="false" allowNull="false"/>
        </dataobject>
        <dataobject javaType="yahooapis.diagnostics" name="diagnostics" supportsQuickData="false">
            <element name="javascript" typeRef="yahooapis.javascript" isList="false" allowNull="false"/>
            <element name="cache" typeRef="yahooapis.cache" isList="false" allowNull="false"/>
            <element name="query" typeRef="yahooapis.query" isList="false" allowNull="false"/>
            <element name="build-version" typeRef="java.lang.String" isList="false" allowNull="false"/>
            <element name="service-time" typeRef="java.lang.String" isList="false" allowNull="false"/>
            <element name="publiclyCallable" typeRef="java.lang.String" isList="false" allowNull="false"/>
            <element name="user-time" typeRef="java.lang.String" isList="false" allowNull="false"/>
            <element name="url" typeRef="yahooapis.urlEntryItem" isList="true" allowNull="false"/>
        </dataobject>
        <dataobject javaType="yahooapis.LastTradeRealtimeWithTime" name="LastTradeRealtimeWithTime" supportsQuickData="false"/>
        <dataobject javaType="yahooapis.PricePaid" name="PricePaid" supportsQuickData="false"/>
        <dataobject javaType="yahooapis.AnnualizedGain" name="AnnualizedGain" supportsQuickData="false"/>
        <dataobject javaType="yahooapis.ChangePercentRealtime" name="ChangePercentRealtime" supportsQuickData="false"/>
        <dataobject javaType="yahooapis.AfterHoursChangeRealtime" name="AfterHoursChangeRealtime" supportsQuickData="false"/>
        <dataobject javaType="yahooapis.HoldingsValue" name="HoldingsValue" supportsQuickData="false"/>
        <dataobject javaType="yahooapis.DaysValueChange" name="DaysValueChange" supportsQuickData="false"/>
        <dataobject javaType="yahooapis.OrderBookRealtime" name="OrderBookRealtime" supportsQuickData="false"/>
        <dataobject javaType="yahooapis.Notes" name="Notes" supportsQuickData="false"/>
        <dataobject javaType="yahooapis.DividendYield" name="DividendYield" supportsQuickData="false"/>
        <dataobject javaType="yahooapis.SharesOwned" name="SharesOwned" supportsQuickData="false"/>
        <dataobject javaType="yahooapis.RootResponse" name="RootResponse" supportsQuickData="false">
            <element name="query" typeRef="yahooapis.query" isList="false" allowNull="false"/>
        </dataobject>
        <dataobject javaType="yahooapis.DividendPayDate" name="DividendPayDate" supportsQuickData="false"/>
        <dataobject javaType="yahooapis.AskRealtime" name="AskRealtime" supportsQuickData="false"/>
        <dataobject javaType="yahooapis.ErrorIndicationreturnedforsymbolchangedinvalid" name="ErrorIndicationreturnedforsymbolchangedinvalid" supportsQuickData="false"/>
        <dataobject javaType="yahooapis.HoldingsGain" name="HoldingsGain" supportsQuickData="false"/>
        <dataobject javaType="yahooapis.javascript" name="javascript" supportsQuickData="false">
            <element name="execution-stop-time" typeRef="java.lang.String" isList="false" allowNull="false"/>
            <element name="instructions-used" typeRef="java.lang.String" isList="false" allowNull="false"/>
            <element name="execution-time" typeRef="java.lang.String" isList="false" allowNull="false"/>
            <element name="table-name" typeRef="java.lang.String" isList="false" allowNull="false"/>
            <element name="execution-start-time" typeRef="java.lang.String" isList="false" allowNull="false"/>
        </dataobject>
        <dataobject javaType="yahooapis.urlEntryItem" name="urlEntryItem" supportsQuickData="false">
            <element name="content" typeRef="java.lang.String" isList="false" allowNull="false"/>
            <element name="execution-stop-time" typeRef="java.lang.String" isList="false" allowNull="false"/>
            <element name="proxy" typeRef="java.lang.String" isList="false" allowNull="false"/>
            <element name="execution-time" typeRef="java.lang.String" isList="false" allowNull="false"/>
            <element name="execution-start-time" typeRef="java.lang.String" isList="false" allowNull="false"/>
        </dataobject>
        <dataobject javaType="yahooapis.HighLimit" name="HighLimit" supportsQuickData="false"/>
        <dataobject javaType="yahooapis.MoreInfo" name="MoreInfo" supportsQuickData="false"/>
        <dataobject javaType="yahooapis.cache" name="cache" supportsQuickData="false">
            <element name="content" typeRef="java.lang.String" isList="false" allowNull="false"/>
            <element name="execution-stop-time" typeRef="java.lang.String" isList="false" allowNull="false"/>
            <element name="method" typeRef="java.lang.String" isList="false" allowNull="false"/>
            <element name="type" typeRef="java.lang.String" isList="false" allowNull="false"/>
            <element name="execution-time" typeRef="java.lang.String" isList="false" allowNull="false"/>
            <element name="execution-start-time" typeRef="java.lang.String" isList="false" allowNull="false"/>
        </dataobject>
        <dataobject javaType="yahooapis.BidRealtime" name="BidRealtime" supportsQuickData="false"/>
        <dataobject javaType="yahooapis.HoldingsGainPercentRealtime" name="HoldingsGainPercentRealtime" supportsQuickData="false"/>
        <dataobject javaType="yahooapis.PERatioRealtime" name="PERatioRealtime" supportsQuickData="false"/>
        <dataobject javaType="yahooapis.HoldingsValueRealtime" name="HoldingsValueRealtime" supportsQuickData="false"/>
        <dataobject javaType="yahooapis.LowLimit" name="LowLimit" supportsQuickData="false"/>
        <dataobject javaType="yahooapis.ExDividendDate" name="ExDividendDate" supportsQuickData="false"/>
        <dataobject javaType="yahooapis.MarketCapRealtime" name="MarketCapRealtime" supportsQuickData="false"/>
        <dataobject javaType="yahooapis.Commission" name="Commission" supportsQuickData="false"/>
        <dataobject javaType="yahooapis.DaysValueChangeRealtime" name="DaysValueChangeRealtime" supportsQuickData="false"/>
        <dataobject javaType="yahooapis.DaysRangeRealtime" name="DaysRangeRealtime" supportsQuickData="false"/>
        <dataobject javaType="yahooapis.HoldingsGainPercent" name="HoldingsGainPercent" supportsQuickData="false"/>
        <dataobject javaType="yahooapis.ChangeRealtime" name="ChangeRealtime" supportsQuickData="false"/>
    </dataobjects>
</service>
