{"swagger":"2.0","info":{"version":"2.0","x-WM-SERVICE_TYPE":"RestService","x-WM-API_ID":"3bd77132-6490-4d25-a449-14386476b46c","x-WM-SERVICE_ID":"yahooapis"},"host":"query.yahooapis.com","tags":[{"name":"RestServiceVirtualController","description":"Rest service swagger documentation"}],"schemes":["http","https"],"paths":{"/yahooapis/invoke":{"get":{"tags":["RestServiceVirtualController"],"operationId":"invoke","consumes":["text/xml"],"parameters":[{"name":"q","in":"query","description":"q","required":false,"type":"string","x-WM-EDITABLE":false},{"name":"env","in":"query","description":"env","required":false,"type":"string","x-WM-EDITABLE":false},{"name":"format","in":"query","description":"format","required":false,"type":"string","x-WM-EDITABLE":false},{"name":"diagnostics","in":"query","description":"diagnostics","required":false,"type":"string","x-WM-EDITABLE":false}],"responses":{"200":{"description":"Success","schema":{"$ref":"#/definitions/RootResponse"}}},"x-WM-OPERATION_UID":"785acebe-31d0-4b68-9302-1809b2e530ec","x-WM-ACCESS_SPECIFIER":"APP_ONLY","x-WM-METHOD_IDENTIFIER":"invoke"},"x-WM-BASE_PATH":"/yahooapis/invoke","x-WM-TAG":"RestServiceVirtualController","x-WM-RELATIVE_PATH":"/"}},"definitions":{"urlEntryItem":{"properties":{"content":{"type":"string"},"execution-stop-time":{"type":"string"},"proxy":{"type":"string"},"execution-time":{"type":"string"},"execution-start-time":{"type":"string"}},"x-WM-FULLY_QUALIFIED_NAME":"yahooapis.urlEntryItem","x-WM-TAGS":["RestServiceVirtualController"]},"BidRealtime":{"x-WM-FULLY_QUALIFIED_NAME":"yahooapis.BidRealtime","x-WM-TAGS":["RestServiceVirtualController"]},"query":{"properties":{"content":{"type":"string"},"execution-stop-time":{"type":"string"},"count":{"type":"integer","format":"int32"},"results":{"$ref":"#/definitions/results"},"created":{"type":"string"},"params":{"type":"string"},"execution-time":{"type":"string"},"lang":{"type":"string"},"diagnostics":{"$ref":"#/definitions/diagnostics"},"execution-start-time":{"type":"string"}},"x-WM-FULLY_QUALIFIED_NAME":"yahooapis.query","x-WM-TAGS":["RestServiceVirtualController"]},"OrderBookRealtime":{"x-WM-FULLY_QUALIFIED_NAME":"yahooapis.OrderBookRealtime","x-WM-TAGS":["RestServiceVirtualController"]},"ErrorIndicationreturnedforsymbolchangedinvalid":{"x-WM-FULLY_QUALIFIED_NAME":"yahooapis.ErrorIndicationreturnedforsymbolchangedinvalid","x-WM-TAGS":["RestServiceVirtualController"]},"MoreInfo":{"x-WM-FULLY_QUALIFIED_NAME":"yahooapis.MoreInfo","x-WM-TAGS":["RestServiceVirtualController"]},"MarketCapRealtime":{"x-WM-FULLY_QUALIFIED_NAME":"yahooapis.MarketCapRealtime","x-WM-TAGS":["RestServiceVirtualController"]},"AnnualizedGain":{"x-WM-FULLY_QUALIFIED_NAME":"yahooapis.AnnualizedGain","x-WM-TAGS":["RestServiceVirtualController"]},"DaysRangeRealtime":{"x-WM-FULLY_QUALIFIED_NAME":"yahooapis.DaysRangeRealtime","x-WM-TAGS":["RestServiceVirtualController"]},"LowLimit":{"x-WM-FULLY_QUALIFIED_NAME":"yahooapis.LowLimit","x-WM-TAGS":["RestServiceVirtualController"]},"TickerTrend":{"x-WM-FULLY_QUALIFIED_NAME":"yahooapis.TickerTrend","x-WM-TAGS":["RestServiceVirtualController"]},"results":{"properties":{"quote":{"$ref":"#/definitions/quote"}},"x-WM-FULLY_QUALIFIED_NAME":"yahooapis.results","x-WM-TAGS":["RestServiceVirtualController"]},"DividendYield":{"x-WM-FULLY_QUALIFIED_NAME":"yahooapis.DividendYield","x-WM-TAGS":["RestServiceVirtualController"]},"PERatioRealtime":{"x-WM-FULLY_QUALIFIED_NAME":"yahooapis.PERatioRealtime","x-WM-TAGS":["RestServiceVirtualController"]},"quote":{"properties":{"Open":{"type":"string"},"PriceEPSEstimateCurrentYear":{"type":"string"},"BookValue":{"type":"string"},"Bid":{"type":"string"},"DaysHigh":{"type":"string"},"ChangeFromFiftydayMovingAverage":{"type":"string"},"OrderBookRealtime":{"$ref":"#/definitions/OrderBookRealtime"},"ErrorIndicationreturnedforsymbolchangedinvalid":{"$ref":"#/definitions/ErrorIndicationreturnedforsymbolchangedinvalid"},"DaysRange":{"type":"string"},"MoreInfo":{"$ref":"#/definitions/MoreInfo"},"AnnualizedGain":{"$ref":"#/definitions/AnnualizedGain"},"DaysRangeRealtime":{"$ref":"#/definitions/DaysRangeRealtime"},"Change_PercentChange":{"type":"string"},"LowLimit":{"$ref":"#/definitions/LowLimit"},"PercentChangeFromTwoHundreddayMovingAverage":{"type":"string"},"ChangeFromTwoHundreddayMovingAverage":{"type":"string"},"DividendYield":{"$ref":"#/definitions/DividendYield"},"LastTradeDate":{"type":"string"},"EPSEstimateCurrentYear":{"type":"string"},"TwoHundreddayMovingAverage":{"type":"string"},"AskRealtime":{"$ref":"#/definitions/AskRealtime"},"DividendPayDate":{"$ref":"#/definitions/DividendPayDate"},"PercentChange":{"type":"string"},"Currency":{"type":"string"},"YearRange":{"type":"string"},"symbol":{"type":"string"},"PercentChangeFromFiftydayMovingAverage":{"type":"string"},"Change":{"type":"string"},"HoldingsGainPercent":{"$ref":"#/definitions/HoldingsGainPercent"},"Notes":{"$ref":"#/definitions/Notes"},"HoldingsGain":{"$ref":"#/definitions/HoldingsGain"},"YearHigh":{"type":"string"},"Symbol":{"type":"string"},"AfterHoursChangeRealtime":{"$ref":"#/definitions/AfterHoursChangeRealtime"},"HoldingsGainPercentRealtime":{"$ref":"#/definitions/HoldingsGainPercentRealtime"},"MarketCapitalization":{"type":"string"},"BidRealtime":{"$ref":"#/definitions/BidRealtime"},"LastTradePriceOnly":{"type":"string"},"PERatio":{"type":"string"},"EPSEstimateNextQuarter":{"type":"string"},"MarketCapRealtime":{"$ref":"#/definitions/MarketCapRealtime"},"AverageDailyVolume":{"type":"string"},"PercentChangeFromYearLow":{"type":"string"},"TickerTrend":{"$ref":"#/definitions/TickerTrend"},"ChangeFromYearHigh":{"type":"string"},"LastTradeWithTime":{"type":"string"},"PERatioRealtime":{"$ref":"#/definitions/PERatioRealtime"},"FiftydayMovingAverage":{"type":"string"},"PreviousClose":{"type":"string"},"StockExchange":{"type":"string"},"LastTradeTime":{"type":"string"},"DaysLow":{"type":"string"},"PriceEPSEstimateNextYear":{"type":"string"},"DaysValueChange":{"$ref":"#/definitions/DaysValueChange"},"HighLimit":{"$ref":"#/definitions/HighLimit"},"TradeDate":{"$ref":"#/definitions/TradeDate"},"ChangeRealtime":{"$ref":"#/definitions/ChangeRealtime"},"OneyrTargetPrice":{"type":"string"},"YearLow":{"type":"string"},"ExDividendDate":{"$ref":"#/definitions/ExDividendDate"},"EPSEstimateNextYear":{"type":"string"},"PricePaid":{"$ref":"#/definitions/PricePaid"},"Volume":{"type":"string"},"Ask":{"type":"string"},"HoldingsValue":{"$ref":"#/definitions/HoldingsValue"},"ChangeFromYearLow":{"type":"string"},"PercebtChangeFromYearHigh":{"type":"string"},"EBITDA":{"type":"string"},"DividendShare":{"$ref":"#/definitions/DividendShare"},"HoldingsGainRealtime":{"$ref":"#/definitions/HoldingsGainRealtime"},"Name":{"type":"string"},"PEGRatio":{"type":"string"},"Commission":{"$ref":"#/definitions/Commission"},"ChangePercentRealtime":{"$ref":"#/definitions/ChangePercentRealtime"},"LastTradeRealtimeWithTime":{"$ref":"#/definitions/LastTradeRealtimeWithTime"},"DaysValueChangeRealtime":{"$ref":"#/definitions/DaysValueChangeRealtime"},"HoldingsValueRealtime":{"$ref":"#/definitions/HoldingsValueRealtime"},"EarningsShare":{"type":"string"},"PriceBook":{"type":"string"},"ChangeinPercent":{"type":"string"},"SharesOwned":{"$ref":"#/definitions/SharesOwned"},"ShortRatio":{"type":"string"},"PriceSales":{"type":"string"}},"x-WM-FULLY_QUALIFIED_NAME":"yahooapis.quote","x-WM-TAGS":["RestServiceVirtualController"]},"AskRealtime":{"x-WM-FULLY_QUALIFIED_NAME":"yahooapis.AskRealtime","x-WM-TAGS":["RestServiceVirtualController"]},"DividendPayDate":{"x-WM-FULLY_QUALIFIED_NAME":"yahooapis.DividendPayDate","x-WM-TAGS":["RestServiceVirtualController"]},"DaysValueChange":{"x-WM-FULLY_QUALIFIED_NAME":"yahooapis.DaysValueChange","x-WM-TAGS":["RestServiceVirtualController"]},"HighLimit":{"x-WM-FULLY_QUALIFIED_NAME":"yahooapis.HighLimit","x-WM-TAGS":["RestServiceVirtualController"]},"javascript":{"properties":{"execution-stop-time":{"type":"string"},"execution-time":{"type":"string"},"instructions-used":{"type":"string"},"execution-start-time":{"type":"string"},"table-name":{"type":"string"}},"x-WM-FULLY_QUALIFIED_NAME":"yahooapis.javascript","x-WM-TAGS":["RestServiceVirtualController"]},"TradeDate":{"x-WM-FULLY_QUALIFIED_NAME":"yahooapis.TradeDate","x-WM-TAGS":["RestServiceVirtualController"]},"RootResponse":{"properties":{"query":{"$ref":"#/definitions/query"}},"x-WM-FULLY_QUALIFIED_NAME":"yahooapis.RootResponse","x-WM-TAGS":["RestServiceVirtualController"]},"ChangeRealtime":{"x-WM-FULLY_QUALIFIED_NAME":"yahooapis.ChangeRealtime","x-WM-TAGS":["RestServiceVirtualController"]},"ExDividendDate":{"x-WM-FULLY_QUALIFIED_NAME":"yahooapis.ExDividendDate","x-WM-TAGS":["RestServiceVirtualController"]},"cache":{"properties":{"content":{"type":"string"},"execution-stop-time":{"type":"string"},"method":{"type":"string"},"execution-time":{"type":"string"},"type":{"type":"string"},"execution-start-time":{"type":"string"}},"x-WM-FULLY_QUALIFIED_NAME":"yahooapis.cache","x-WM-TAGS":["RestServiceVirtualController"]},"HoldingsGainPercent":{"x-WM-FULLY_QUALIFIED_NAME":"yahooapis.HoldingsGainPercent","x-WM-TAGS":["RestServiceVirtualController"]},"PricePaid":{"x-WM-FULLY_QUALIFIED_NAME":"yahooapis.PricePaid","x-WM-TAGS":["RestServiceVirtualController"]},"HoldingsValue":{"x-WM-FULLY_QUALIFIED_NAME":"yahooapis.HoldingsValue","x-WM-TAGS":["RestServiceVirtualController"]},"DividendShare":{"x-WM-FULLY_QUALIFIED_NAME":"yahooapis.DividendShare","x-WM-TAGS":["RestServiceVirtualController"]},"HoldingsGainRealtime":{"x-WM-FULLY_QUALIFIED_NAME":"yahooapis.HoldingsGainRealtime","x-WM-TAGS":["RestServiceVirtualController"]},"Notes":{"x-WM-FULLY_QUALIFIED_NAME":"yahooapis.Notes","x-WM-TAGS":["RestServiceVirtualController"]},"HoldingsGain":{"x-WM-FULLY_QUALIFIED_NAME":"yahooapis.HoldingsGain","x-WM-TAGS":["RestServiceVirtualController"]},"Commission":{"x-WM-FULLY_QUALIFIED_NAME":"yahooapis.Commission","x-WM-TAGS":["RestServiceVirtualController"]},"ChangePercentRealtime":{"x-WM-FULLY_QUALIFIED_NAME":"yahooapis.ChangePercentRealtime","x-WM-TAGS":["RestServiceVirtualController"]},"LastTradeRealtimeWithTime":{"x-WM-FULLY_QUALIFIED_NAME":"yahooapis.LastTradeRealtimeWithTime","x-WM-TAGS":["RestServiceVirtualController"]},"DaysValueChangeRealtime":{"x-WM-FULLY_QUALIFIED_NAME":"yahooapis.DaysValueChangeRealtime","x-WM-TAGS":["RestServiceVirtualController"]},"HoldingsValueRealtime":{"x-WM-FULLY_QUALIFIED_NAME":"yahooapis.HoldingsValueRealtime","x-WM-TAGS":["RestServiceVirtualController"]},"AfterHoursChangeRealtime":{"x-WM-FULLY_QUALIFIED_NAME":"yahooapis.AfterHoursChangeRealtime","x-WM-TAGS":["RestServiceVirtualController"]},"SharesOwned":{"x-WM-FULLY_QUALIFIED_NAME":"yahooapis.SharesOwned","x-WM-TAGS":["RestServiceVirtualController"]},"diagnostics":{"properties":{"javascript":{"$ref":"#/definitions/javascript"},"cache":{"$ref":"#/definitions/cache"},"query":{"$ref":"#/definitions/query"},"service-time":{"type":"string"},"build-version":{"type":"string"},"publiclyCallable":{"type":"string"},"user-time":{"type":"string"},"url":{"type":"array","items":{"$ref":"#/definitions/urlEntryItem"},"x-WM-IS_LIST":true}},"x-WM-FULLY_QUALIFIED_NAME":"yahooapis.diagnostics","x-WM-TAGS":["RestServiceVirtualController"]},"HoldingsGainPercentRealtime":{"x-WM-FULLY_QUALIFIED_NAME":"yahooapis.HoldingsGainPercentRealtime","x-WM-TAGS":["RestServiceVirtualController"]}}}