<?xml version="1.0" encoding="utf-8"?>
<!DOCTYPE hibernate-mapping PUBLIC "-//Hibernate/Hibernate Mapping DTD 3.0//EN" "http://www.hibernate.org/dtd/hibernate-mapping-3.0.dtd">
<hibernate-mapping package="com.stock.stock_db">
    <class entity-name="com.stock.stock_db.MyStocks" table="MyStocks" schema="Stock_DB">
        <id name="sid" type="integer">
            <column name="SID" length="1" not-null="true" precision="19"/>
            <generator class="identity"/>
        </id>
        <property name="name" type="string">
            <column name="name" length="255" not-null="false" precision="19"/>
        </property>
        <property name="symbol" type="string">
            <column name="symbol" length="255" not-null="false" precision="19"/>
        </property>
        <property name="exchange" type="string">
            <column name="exchange" length="255" not-null="false" precision="19"/>
        </property>
        <property name="category" type="integer">
            <column name="category" length="1" not-null="false" precision="19" default="'0'"/>
        </property>
    </class>
</hibernate-mapping>