<?xml version="1.0" encoding="utf-8"?>
<beans xmlns="http://www.springframework.org/schema/beans" xmlns:p="http://www.springframework.org/schema/p" xmlns:mvc="http://www.springframework.org/schema/mvc" xmlns:context="http://www.springframework.org/schema/context" xmlns:xsi="http://www.w3.org/2001/XMLSchema-instance" xmlns:tx="http://www.springframework.org/schema/tx" xsi:schemaLocation="http://www.springframework.org/schema/beans http://www.springframework.org/schema/beans/spring-beans.xsd http://www.springframework.org/schema/mvc http://www.springframework.org/schema/mvc/spring-mvc.xsd http://www.springframework.org/schema/context http://www.springframework.org/schema/context/spring-context.xsd http://www.springframework.org/schema/tx http://www.springframework.org/schema/tx/spring-tx.xsd">

    <context:component-scan base-package="com.stock.stock_db.controller,com.stock.stock_db.service,com.stock.stock_db.dao"/>
    <bean class="com.wavemaker.runtime.data.spring.WMPropertyPlaceholderConfigurer">
        <property name="locations">
            <list>
                <value>
                    classpath:Stock_DB.properties
                </value>
            </list>
        </property>
        <property name="ignoreUnresolvablePlaceholders" value="true"/>
    </bean>
   <bean id="Stock_DBDataSource" class="com.mchange.v2.c3p0.ComboPooledDataSource" destroy-method="close" depends-on="systemPropertyInitializer"
                      p:driverClass="${Stock_DB.driverClass}"
                      p:jdbcUrl="${Stock_DB.url}"
                      p:user="${Stock_DB.username}"
                      p:password="${Stock_DB.password}"
                      p:idleConnectionTestPeriod="1000"
                      p:maxPoolSize="4"
                      p:minPoolSize="2"
                      p:maxIdleTime="2000"
                      p:unreturnedConnectionTimeout="600"
                      p:contextClassLoaderSource="library"
                      p:privilegeSpawnedThreads="true"
                      />
    
    <bean id="Stock_DBSessionFactory" class="com.wavemaker.runtime.data.factory.TypeResolverSessionFactoryBean">
        <property name="dataSource" ref="Stock_DBDataSource"/>
        <property name="packagesToScan" value="com.stock.stock_db"/>
        <property name="mappingResources">
            <list>
                <value>
                    Stock_DB-queries.hbm.xml
                </value>
            </list>
        </property>
        <property name="customTypes">
            <array value-type="com.wavemaker.runtime.data.CustomType">
                <ref bean="dateTimeCustomType"/>
            </array>
        </property>
        <property name="hibernateProperties">
            <props>
                <prop key="hibernate.dialect">
                    ${Stock_DB.dialect}
                </prop>
                <prop key="hibernate.show_sql">
                    false
                </prop>
                <prop key="hibernate.globally_quoted_identifiers">
                    false
                </prop>
            </props>
        </property>
    </bean>
    <bean id="Stock_DBTransactionManager" class="org.springframework.orm.hibernate4.HibernateTransactionManager">
        <property name="sessionFactory" ref="Stock_DBSessionFactory"/>
    </bean>
    <bean id="Stock_DBTemplate" class="org.springframework.orm.hibernate4.HibernateTemplate">
        <property name="sessionFactory" ref="Stock_DBSessionFactory"/>
    </bean>
    <bean id="Stock_DBWMQueryExecutor" class="com.wavemaker.runtime.data.dao.query.WMQueryExecutorImpl">
        <property name="template" ref="Stock_DBTemplate"/>
    </bean>
    <bean id="Stock_DBWMProcedureExecutor" class="com.wavemaker.runtime.data.dao.procedure.WMProcedureExecutorImpl">
        <property name="template" ref="Stock_DBTemplate"/>
        <property name="serviceId" value="Stock_DB" />
    </bean>

    <bean id="persistentLocalDateTimeType" class="com.wavemaker.studio.common.data.type.WMPersistentLocalDateTime"/>
    <bean id="dateTimeCustomType" class="com.wavemaker.runtime.data.CustomType">
        <property name="type" ref="persistentLocalDateTimeType"/>
        <property name="keys">
            <list>
                <value>DateTime</value>
                <value>org.joda.time.LocalDateTime</value>
            </list>
        </property>
    </bean>

    <tx:annotation-driven/>

</beans>

